id,title
1,Higher Interest Rates Fuel Losses at the Federal Reserve
2,"Fed Signals Smaller Increases, but Ultimately Higher Rates"
3,Stocks Slip With Focus on Fed
4,Why Talk of a Fed 'Pivot' Can Be Confusing
5,What Fed Officials Said Before Their November Meeting
6,How High Will Interest Rates Go?
7,Cash-Rich Consumers Could Mean Higher Interest Rates for Longer
8,Opinion: Jerome Powell’s Not for Turning—Yet
9,Treasury Yields Fall After Fed Rate Hike
10,Opinion: Why a 2023 Recession May Be Mild
11,The Fed’s Problem With the Job Market
12,Why Did the Stock Rally Fizzle?
13,What Economists and Analysts Are Saying Ahead of Fed's Rate Decision
14,How High Will Interest Rates Go?
15,Easing Bets Fall Apart as Powell Speaks
16,Bond Yields Rebound on Powell Hawkishness
17,"No New Projections, But Are the Old Ones Still Relevant?"
18,Fed’s Pace of Future Interest-Rate Rises in Focus at Meeting
19,Today's Coverage
20,Stocks Fall After Fed’s Interest-Rate Decision
21,A Return to Inflation
22,"Fed Tries to Thread the Needle, Drawing Blood"
23,Stocks Fall After Fed’s Interest-Rate Decision
24,"Labor Demand Rose in September, a Setback for the Fed"
25,"Fed Can Afford to Slow Pace of Rate Increases, Says Capital Economics"
26,Bond Yields Steady Ahead of Fed Decision
27,Fed Tells Markets to Focus on Interest-Rate Endpoint
28,U.S. Stocks Sell Off After Fed Raises Interest Rates 0.75%
29,The Key Sentence in the Fed's Statement That's Driving Markets Higher
30,Fed Faces Questions Over Pace and Destination of Rate Rises
31,Stocks Fall Ahead of Fed Decision
32,Fed Meeting to Focus on Interest Rates’ Coming Path
33,Treasury Yields Fall as Odds of Less Hawkish Fed Increase
34,U.S. Wages Rose Rapidly in Third Quarter
35,Fed Meeting to Focus on Interest Rates’ Coming Path
36,Atlanta Fed Forecasts Growth Rebound
37,"The State of the Economy, and Markets, Ahead of the Fed"
38,Fed-Funds Futures Show Split Wagers on December Hike
39,The U.S. Economy Grew More than Expected. Traders Don't See That Changing the Fed's Calculus
40,Stocks Close Sharply Lower After Fed Meeting Ends
41,Stocks Move Lower Ahead of Fed Rate Decision
42,Gold Outlook 2022
43,Powell Says Window for Economy to Achieve ‘Soft Landing’ Has Narrowed
44,UPS Stock Rises as Earnings Give Investors a Reprieve
45,What Traders Are Hearing in Powell Speech
46,The Heard on the Street Recap: From Hawk to Dove and Back
47,Fed Rate Slowdown Talk Offers Respite for Markets
48,Inflation Expectations Rise as Investors Consider Fed Pivot
49,Traders Expect Higher Interest Rates to Stay
50,Why Mortgage Rates Are So Darn High
51,The Dow Just Notched Its Best Month Since 1976. But That Previous Rally Quickly Fizzled
52,U.S. Stocks Decline Ahead of Fed Interest-Rate Announcement
53,Powell: Strong Dollar Is Challenge for Some Countries
54,Powell Says 'Premature' to Discuss Hike Pause
55,"Stocks Rise, Yields Fall as Investors Await Fed Decision"
56,Powell Emphasizes There’s ‘A Ways to Go’ on Rates
57,Watch: Fed Raises Interest Rates by 0.75 Point
58,"FOMC Opens Door to Less Dramatic Action in Future, Says First Citizens Bank"
59,Stocks Rise After Fed Interest-Rate Move
60,Bank of Canada Raises Interest Rate By Smaller-Than-Expected Half Point
61,"Fed Approves Fourth 0.75-Point Rate Rise, Hints at Smaller Hikes"
62,ECB Raises Interest Rates by 0.75 Point
63,Stocks Rise Amid Earnings Stampede
64,Stocks Fall on Tuesday Ahead of Fed Meeting
65,Powell: Fed Could Begin to Slow Pace of Rate Rises in December
66,"Volatility Bets Cool As Fed, Earnings Fears Subside"
67,Early Earnings Reports Worry Investors Already Battered by Stock Selloff
68,Opinion: Rolling Stone Gathers No Facts
69,"What the Fed’s Rate Increases Mean for Your Debts, Savings and Financial Plans"
70,Voters Get Key Inflation Reading Ahead of Midterms
71,Rising Shipping Costs Prompt Businesses to Get Creative
72,"Yield-Curve Inversion, Classic Recession Warning, Deepens Again"
73,Today's Coverage
74,"Fed Set to Raise Rates by 0.75 Point, Debate Size of Hikes"
75,Dollar Rally Fades as Monetary Tightening Expectations Cool
76,Rocky Treasury-Market Trading Rattles Wall Street
77,UPS Earnings Rise as Higher Prices Offset Shipping Slowdown
78,Higher Interest Rates Can Take a Long Time to Bring Down Inflation
79,Opinion: The Feds Don’t Want You Betting on Elections
80,What Fed Rate Hike Means for Your Financial Plans
81,Dow Closes at Highest Level in Six Weeks
82,3 Reasons to Refinance Student Loans Now
83,"Stock Market Today, Nov. 2, 2022: Stocks Fall After Fed Hikes Interest Rates 0.75 Percentage Point"
84,Powell Still Sees Overheated Labor Market
85,Traders Pare Bets on Aggressive Fed Tightening
86,Charts: How Markets Are Reacting to the Fed Decision
87,"To Solve Inflation, First Solve Deficits, This Theory Advises"
88,Stocks Down at Midday Ahead of Fed
89,Gold Prices Fall
90,"Under Powell, the S&P 500 Tends to Rise on Fed Days"
91,Stocks Fall to Session Lows
92,Federal Officials Trade Stock in Companies Their Agencies Oversee
93,Market Loses Steam on Powell Comments
94,Stocks Finished Lower Tuesday
95,Another Rate Hike: What Does It Mean For Your Personal Finances?
96,How to Survive the Next Market Crash
97,Powell's Stern Message Means More Bad News for Tech Trade
98,The Heard on the Street Recap: Pending Larry
99,"International Discord Undercuts Global Growth, Worsens Inflation"
100,Transcript: Fed Chief Powell’s Postmeeting Press Conference
101,What Rate Hikes Mean For Your Wallet
102,Early Earnings Reports Worry Investors Battered by Stock Selloff
103,Gold in a Post-Pandemic Landscape
104,Where Are Markets Headed? Six Pros Take Their Best Guess
105,Bank of Canada Expected to Largely Match Fed on Rate Increases
106,"Businesses Expect Economy to Weaken, Fed’s Beige Book Says"
107,Two-Year Treasury Yields Fall Amid Hopes Fed Will Slow Interest-Rate Increases in December
108,Today's Developments
109,What’s the Inflation Rate? It’s a Surprisingly Hard Question to Answer
110,"Businesses Expect Economy to Weaken, Fed’s Beige Book Says"
111,This Powerful BlackRock Team Has the Ear of Governments and Megabanks
112,What’s News: Business & Finance
113,Fed Set to Raise Rates by 0.75 Point and Debate Size of Future Hikes
114,What CEOs Are Saying: The Fed ‘Should Look Out the Front Windshield’
115,"Stock Futures Fall, Dollar Firms as Investors Await Wednesday's Fed Move"
116,What’s News: Business & Finance
117,"Stocks Close Higher Friday, Cap Off Weekly Gains"
118,Opinion: Too Late for Democrats to Pivot on the Economy
119,Opinion: CFPB Funding Is Ruled Unconstitutional
120,Opinion: You Can’t Blame High Prices on the Labor Market
121,Stock Futures Edge Higher Ahead of Fed’s Rate Decision
122,Strong October for Bank Stocks Bucks Negative Trend
123,"Stock Futures, Global Indexes Rise Ahead of Fed Decision"
124,"For Financial Services, the Time Is Always Now"
125,Strong October for Bank Stocks Bucks Negative Trend
126,"Stocks Slip After Fed Minutes, Inflation Data"
127,Gold Suffers Worst Losing Streak Since ... 1869 —Deutsche Bank
128,Janet Yellen’s Learning Curve
129,Biden Says GDP Numbers Counter 'Doomsayers'
130,The Bond Market’s Most Powerful Recession Indicator Is (Finally) Flashing Red
131,Health-Insurance Inflation Is Poised to Drop Sharply
132,Dow Jumps More Than 800 Points as Investors Weigh Earnings
133,Only the Fed Can Return Gold’s Lost Luster
134,Federal Authorities Break Up Multimillion-Dollar Catalytic Converter Theft Ring
135,What’s News: Business & Finance
136,Stocks Open Tuesday Mixed With Earnings in Focus
137,The Heard on the Street Recap: It's Only Tuesday
138,Today's Developments
139,The Fungus That Fed Gods And Felled a Pope
140,"Third-Party Candidate Drops Out of Arizona Senate Race, Endorses Blake Masters"
141,China’s Xi Jinping Claims Third Term as Communist Party Leader
142,Treasury Yields Surge to New Post-2008 Crisis Highs
143,Economy Week Ahead: U.S. GDP and Wages; Monetary Policy Abroad
144,Stocks Rise to Highest Levels in Over a Month
145,"For Financial Services, the Time Is Always Now"
146,The Heard on the Street Recap: It's Only Tuesday
147,Stocks Close Lower With Inflation in Focus
148,Cooperation Faltering Among Economies
149,Janet Yellen’s Learning Curve
150,Investors are Fleeing Emerging Markets. Some Strategists Say It's Time to Buy
151,Aflac CFO Taps Japanese Debt Investors to Bring Down Interest Costs
152,"Bond Woes Keep Mounting, Spreading Pain to Stocks"
153,What’s News: Business & Finance
154,"Dow Rises, Nasdaq Falls Ahead of More Tech Earnings"
155,Stocks Waver in Early Friday Trading
156,Is the ECB Joining the Central-Bank Slowdown?
157,Today's Developments
158,Ben Bernanke Among Nobel Economics Prize Winners
159,"U.S. Deficit Shrank Last Fiscal Year, but Is Poised to Widen as Economy Slows"
160,"Economists Now Expect a Recession, Job Losses by Next Year"
161,"As Covid Hit, Washington Officials Traded Stocks With Exquisite Timing"
162,Can Motown Save U.S. Manufacturing?
163,Stocks Close Lower as Yields Notch New Highs
164,GDP Bounce Might Soon Fade
165,Microsoft Casts a Very Big Cloud
166,Inside the Factory That Feels
167,GDP Bounce Might Soon Fade
168,Bank of Canada to Adopt Meeting-by-Meeting Approach on Interest Rates
169,About The Wall Street Journal Economic Forecasting Survey
170,U.S. Home Sales Drop for Eighth Straight Month in September
171,High Inflation Darkens Global Economic Outlook
172,Economists Expect U.S. Recession Amid Persistently High Inflation
173,Unaccompanied Afghan Children in U.S. Wait to Be Reunited With Families
174,Elon Musk Sees More Deflation Than Inflation
175,Why Housing Can Skew Inflation Numbers
176,Prologis Signals Caution in Industrial-Property Development
177,Cooperation May Be Faltering Among World Economies
178,Today's Developments
179,Job Openings Rose in September in a Still-Tight Labor Market
180,Federal Appeals Court Finds CFPB’s Funding Method Unconstitutional
181,Bank of Canada Surprises With Half-Point Rise
182,"Apple, Amazon Headline Busy Earnings Week"
183,Opinion: Welcome to Elon Musk’s Twitter Free Speech Zone
184,Bank of Canada Likely Teeing Up Another 0.75-Point Rate Rise
185,The Home-Improvement Boom Isn’t Over Yet
186,"Visa, Mastercard Draw New Government Scrutiny"
187,How Investors Can Prepare for Greater Volatility
188,Topsy-Turvy Markets Are Making It Hard to Cushion Your Portfolio
189,New Economic Data Fuel Closing Midterm Campaign Pitches
190,Chinese iPhone City Locks Down to Curb Foxconn Covid Crisis
191,Atlanta Fed President Discloses Violations of Financial Transaction Policies
192,Bank of Canada Gov. Macklem Defends Dial Back in Rate Rises
193,Augusta National Golf Club Under Investigation by DOJ
194,Top Democrats Push for Focus on Economy Ahead of Midterms
195,"Turkey, U.N. Push to Revive Ukraine Grain Export Deal After Russia’s Withdrawal"
196,Inflation Data Keeps Fed Focused on Jobs Market
197,Opinion: Affirmative Action Mocks Ethnic Diversity
198,Opinion: Kathy Hochul Is No Crime Fighter
199,Opinion: Are Electric Cars Actually the Future?
200,The Teflon Job Market
201,Will There Be a Recession? America's Top Bankers Weigh In
202,University of Michigan Consumer Sentiment Survey Adds to Inflation Fears
203,Biden Says He Will Keep Tapping Oil Reserves
204,Fed Approves U.S. Bancorp Acquisition of MUFG Union Bank
205,Stocks Rise as Treasury Yields Dip
